{
  "dw4_8d": {
    "full_time": 0.053096771240234375,
    "chunk128_time": 0.0030095577239990234,
    "chunk256_time": 0.002776622772216797,
    "max_diff_chunk128": 2.86102294921875e-06,
    "max_diff_chunk256": 2.384185791015625e-06
  },
  "lj13_39d": {
    "full_time": 0.0019462108612060547,
    "chunk128_time": 0.0021414756774902344,
    "chunk256_time": 0.0013837814331054688,
    "max_diff_chunk128": 1.9073486328125e-06,
    "max_diff_chunk256": 1.7881393432617188e-06
  },
  "lj38_114d": {
    "full_time": 0.007430553436279297,
    "chunk128_time": 0.007799625396728516,
    "chunk256_time": 0.007500410079956055,
    "max_diff_chunk128": 8.344650268554688e-07,
    "max_diff_chunk256": 9.5367431640625e-07
  },
  "lj55_165d": {
    "full_time": 0.008244991302490234,
    "chunk128_time": 0.004559040069580078,
    "chunk256_time": 0.00639653205871582,
    "max_diff_chunk128": 9.5367431640625e-07,
    "max_diff_chunk256": 7.152557373046875e-07
  }
}