{
  "rotgmm30_asbs": {
    "mean_energy": {
      "mean": 16.642782974243165,
      "std": 0.10308833011159652,
      "values": [
        16.584348678588867,
        16.53779411315918,
        16.571949005126953,
        16.81578254699707,
        16.70404052734375
      ]
    },
    "std_energy": {
      "mean": 5.197290706634521,
      "std": 0.18907533033538598,
      "values": [
        5.1307373046875,
        5.176492214202881,
        5.154472827911377,
        5.548365116119385,
        4.976386070251465
      ]
    },
    "min_energy": {
      "mean": 5.213875389099121,
      "std": 0.4341853348410017,
      "values": [
        5.363401412963867,
        5.039679050445557,
        5.988494396209717,
        4.9046125411987305,
        4.773189544677734
      ]
    },
    "max_energy": {
      "mean": 63.201025390625,
      "std": 8.020647684997897,
      "values": [
        59.350555419921875,
        65.54252624511719,
        67.28573608398438,
        73.7736587524414,
        50.052650451660156
      ]
    },
    "ksd_squared": {
      "mean": 2.3619205474853517,
      "std": 0.08267849684290904,
      "values": [
        2.2609238624572754,
        2.4775209426879883,
        2.4328343868255615,
        2.350222110748291,
        2.2881014347076416
      ]
    },
    "bandwidth": {
      "mean": 5.64012508392334,
      "std": 0.028812961239097143,
      "values": [
        5.63692045211792,
        5.6955485343933105,
        5.6330437660217285,
        5.6173787117004395,
        5.617733955383301
      ]
    },
    "ref_mean_energy": {
      "mean": 15.045764923095703,
      "std": 0.07968611873301826,
      "values": [
        15.004444122314453,
        15.146414756774902,
        15.11136245727539,
        15.045772552490234,
        14.920830726623535
      ]
    },
    "energy_w2": {
      "mean": 2.285103324986988,
      "std": 0.26034012888152047,
      "values": [
        2.1646763064313457,
        2.1101526043685714,
        2.237495445720069,
        2.7976888010079857,
        2.1155034674069686
      ]
    },
    "n_modes_covered": {
      "mean": 7.4,
      "std": 0.48989794855663565,
      "values": [
        7,
        7,
        8,
        8,
        7
      ]
    },
    "n_modes_total": {
      "mean": 8.0,
      "std": 0.0,
      "values": [
        8,
        8,
        8,
        8,
        8
      ]
    },
    "coverage_fraction": {
      "mean": 0.925,
      "std": 0.06123724356957946,
      "values": [
        0.875,
        0.875,
        1.0,
        1.0,
        0.875
      ]
    },
    "per_mode_counts": {
      "mean": [
        0.4,
        881.4,
        1644.6,
        1967.2,
        1999.2,
        1904.6,
        983.4,
        250.4
      ],
      "std": [
        0.48989794855663565,
        18.937792902025304,
        14.934523762075576,
        4.664761515876241,
        0.7483314773547883,
        8.890444308357148,
        13.184839779079606,
        15.447977213862014
      ],
      "per_seed": [
        [
          0,
          904,
          1644,
          1960,
          2000,
          1900,
          964,
          261
        ],
        [
          0,
          864,
          1622,
          1966,
          1999,
          1900,
          989,
          270
        ],
        [
          1,
          905,
          1646,
          1966,
          2000,
          1893,
          973,
          254
        ],
        [
          1,
          865,
          1642,
          1970,
          1999,
          1916,
          1001,
          241
        ],
        [
          0,
          869,
          1669,
          1974,
          1998,
          1914,
          990,
          226
        ]
      ]
    },
    "min_dists_to_centers": {
      "mean": [
        8.31060333251953,
        5.816839027404785,
        4.186318397521973,
        1.6836947202682495,
        1.666597557067871,
        1.8640207529067994,
        4.3984991073608395,
        6.049057102203369
      ],
      "std": [
        0.16501343769662533,
        0.22551970727426265,
        0.12455506732398443,
        0.08094024882299927,
        0.12526996928569586,
        0.10050990750344801,
        0.12856415195685675,
        0.1824077688151433
      ],
      "per_seed": [
        [
          8.584562301635742,
          6.030918121337891,
          4.371163845062256,
          1.6375889778137207,
          1.7371013164520264,
          1.9508605003356934,
          4.516919136047363,
          6.220391750335693
        ],
        [
          8.339523315429688,
          5.541346549987793,
          4.141252040863037,
          1.6800605058670044,
          1.5874004364013672,
          2.006089448928833,
          4.378060340881348,
          6.307389736175537
        ],
        [
          8.214360237121582,
          6.030500411987305,
          4.202073574066162,
          1.7303861379623413,
          1.879957675933838,
          1.7573204040527344,
          4.1711225509643555,
          5.863107681274414
        ],
        [
          8.08553695678711,
          5.934788227081299,
          3.9880785942077637,
          1.565986156463623,
          1.583668828010559,
          1.758564829826355,
          4.399435520172119,
          5.9819488525390625
        ],
        [
          8.329033851623535,
          5.546641826629639,
          4.2290239334106445,
          1.804451823234558,
          1.544859528541565,
          1.8472685813903809,
          4.526957988739014,
          5.872447490692139
        ]
      ]
    },
    "threshold_used": {
      "mean": 8.215838362577491,
      "std": 0.0,
      "values": [
        8.215838362577491,
        8.215838362577491,
        8.215838362577491,
        8.215838362577491,
        8.215838362577491
      ]
    },
    "nearest_mode_counts": {
      "mean": [
        0.0,
        0.0,
        0.0,
        951.2,
        764.8,
        284.0,
        0.0,
        0.0
      ],
      "std": [
        0.0,
        0.0,
        0.0,
        14.274452704044382,
        26.618790355686713,
        19.809088823063014,
        0.0,
        0.0
      ],
      "per_seed": [
        [
          0,
          0,
          0,
          971,
          736,
          293,
          0,
          0
        ],
        [
          0,
          0,
          0,
          939,
          749,
          312,
          0,
          0
        ],
        [
          0,
          0,
          0,
          966,
          747,
          287,
          0,
          0
        ],
        [
          0,
          0,
          0,
          938,
          786,
          276,
          0,
          0
        ],
        [
          0,
          0,
          0,
          942,
          806,
          252,
          0,
          0
        ]
      ]
    },
    "n_modes_nearest": {
      "mean": 3.0,
      "std": 0.0,
      "values": [
        3,
        3,
        3,
        3,
        3
      ]
    }
  },
  "rotgmm30_ksd_asbs": {
    "mean_energy": {
      "mean": 16.337429809570313,
      "std": 0.10891027180189829,
      "values": [
        16.20807647705078,
        16.315223693847656,
        16.236879348754883,
        16.473276138305664,
        16.453693389892578
      ]
    },
    "std_energy": {
      "mean": 4.921415710449219,
      "std": 0.15453703877064648,
      "values": [
        5.01941442489624,
        4.728036403656006,
        4.802829265594482,
        5.1615447998046875,
        4.895253658294678
      ]
    },
    "min_energy": {
      "mean": 5.4028881072998045,
      "std": 0.1824192106277436,
      "values": [
        5.117795944213867,
        5.3651041984558105,
        5.338513374328613,
        5.548800945281982,
        5.64422607421875
      ]
    },
    "max_energy": {
      "mean": 50.32629547119141,
      "std": 8.500551717580256,