{
  "rotgmm100_asbs": {
    "mean_energy": {
      "mean": 365719.7375,
      "std": 667.4743831694966,
      "values": [
        365955.53125,
        364994.09375,
        364891.875,
        366164.21875,
        366592.96875
      ]
    },
    "std_energy": {
      "mean": 33510.478125,
      "std": 337.6732509024071,
      "values": [
        33137.90234375,
        33554.09765625,
        33163.9453125,
        33646.76171875,
        34049.68359375
      ]
    },
    "min_energy": {
      "mean": 260245.4625,
      "std": 9055.35122717609,
      "values": [
        270104.25,
        257010.484375,
        252831.953125,
        271754.8125,
        249525.8125
      ]
    },
    "max_energy": {
      "mean": 489651.25,
      "std": 9606.738068135595,
      "values": [
        479987.0,
        498762.6875,
        485917.09375,
        503238.03125,
        480351.4375
      ]
    },
    "ksd_squared": {
      "mean": 1631789.325,
      "std": 3316.1784317569522,
      "values": [
        1633978.125,
        1628247.625,
        1627373.75,
        1633803.0,
        1635544.125
      ]
    },
    "bandwidth": {
      "mean": 170.3230407714844,
      "std": 0.17300955087869746,
      "values": [
        170.100341796875,
        170.34500122070312,
        170.18377685546875,
        170.38723754882812,
        170.59884643554688
      ]
    },
    "ref_mean_energy": {
      "mean": 50.01026916503906,
      "std": 0.03860291073368888,
      "values": [
        50.08491897583008,
        50.00157928466797,
        50.002925872802734,
        49.984893798828125,
        49.977027893066406
      ]
    },
    "energy_w2": {
      "mean": 367200.7062589559,
      "std": 684.2756076477899,
      "values": [
        367401.5631869224,
        366481.96154995833,
        366344.6898065727,
        367655.6481540807,
        368119.6685972452
      ]
    },
    "nearest_mode_counts": {
      "mean": [
        122.8,
        23.4,
        564.6,
        138.0,
        915.4,
        40.6,
        182.6,
        12.6
      ],
      "std": [
        14.905032707109369,
        2.5768197453450252,
        11.60344776348823,
        5.932958789676531,
        21.666564102321345,
        4.758150901348127,
        12.419339757008018,
        3.6110940170535573
      ],
      "per_seed": [
        [
          115,
          26,
          567,
          130,
          920,
          40,
          195,
          7
        ],
        [
          118,
          19,
          566,
          136,
          932,
          48,
          163,
          18
        ],
        [
          129,
          23,
          578,
          140,
          884,
          41,
          191,
          14
        ],
        [
          104,
          23,
          569,
          136,
          943,
          41,
          173,
          11
        ],
        [
          148,
          26,
          543,
          148,
          898,
          33,
          191,
          13
        ]
      ]
    },
    "n_modes_nearest": {
      "mean": 8.0,
      "std": 0.0,
      "values": [
        8,
        8,
        8,
        8,
        8
      ]
    },
    "n_modes_total": {
      "mean": 8.0,
      "std": 0.0,
      "values": [
        8,
        8,
        8,
        8,
        8
      ]
    },
    "min_dists_to_centers": {
      "mean": [
        361.0969604492187,
        361.17808227539064,
        360.8689697265625,
        360.94990234375,
        360.7742065429687,
        361.04408569335936,
        361.0022216796875,
        361.2722106933594
      ],
      "std": [
        6.279458823522819,
        6.239596211470405,
        6.24070769225603,
        6.236337810852911,
        6.271676485112446,
        6.288336493560721,
        6.312374565718346,
        6.291669122287422
      ],
      "per_seed": [
        [
          368.0176696777344,
          368.0091857910156,
          367.7628479003906,
          367.6391906738281,
          367.4944152832031,
          367.6296691894531,
          367.7494201660156,
          367.9996643066406
        ],
        [
          359.16021728515625,
          359.1514587402344,
          358.8290710449219,
          358.66796875,
          358.47625732421875,
          358.6528625488281,
          358.8077392578125,
          359.13641357421875
        ],
        [
          355.7216796875,
          356.09173583984375,
          355.9194641113281,
          356.11041259765625,
          355.74810791015625,
          355.84954833984375,
          355.55023193359375,
          355.8308410644531
        ],
        [
          368.9261169433594,
          368.9995422363281,
          368.61553955078125,
          368.9438781738281,
          368.84735107421875,
          369.3269958496094,
          369.1577453613281,
          369.38262939453125
        ],
        [
          353.65911865234375,
          353.63848876953125,
          353.2179260253906,
          353.3880615234375,
          353.3049011230469,
          353.7613525390625,
          353.7459716796875,
          354.0115051269531
        ]
      ]
    }
  },
  "rotgmm100_ksd_asbs": {
    "mean_energy": {
      "mean": 346341.4375,
      "std": 1343.890704987993,
      "values": [
        345510.28125,
        345309.96875,
        348210.4375,
        347713.4375,
        344963.0625
      ]
    },
    "std_energy": {
      "mean": 49202.9078125,
      "std": 867.3544264333161,
      "values": [
        48394.421875,
        48553.6796875,
        49053.40234375,
        50834.90234375,
        49178.1328125
      ]
    },
    "min_energy": {
      "mean": 213131.896875,
      "std": 7924.217296593577,
      "values": [
        217714.0,
        221393.75,
        213180.5625,
        215099.859375,
        198271.3125
      ]
    },
    "max_energy": {
      "mean": 539243.94375,
      "std": 13992.50383872446,
      "values": [
        522857.71875,
        561517.0625,
        535134.1875,
        548251.875,
        528458.875
      ]
    },
    "ksd_squared": {
      "mean": 1384693.825,
      "std": 6357.479913751203,
      "values": [
        1380257.75,
        1379877.125,
        1393457.875,
        1391352.25,
        1378524.125
      ]
    },
    "bandwidth": {
      "mean": 239.22042236328124,
      "std": 0.29554507817305264,
      "values": [
        239.21090698242188,
        239.52880859375,
        239.43292236328125,
        239.2525177001953,
        238.6769561767578
      ]
    },
    "ref_mean_energy": {
      "mean": 50.0371810913086,
      "std": 0.09167950821936403,
      "values": [
        50.219478607177734,
        50.00157928466797,
        50.002925872802734,
        49.984893798828125,
        49.977027893066406
      ]
    },
    "energy_w2": {
      "mean": 349767.53913332464,
      "std": 1404.4632138586182,
      "values": [
        348830.6272250876,
        348654.6237021758,
        351596.37947036105,
        351357.41177940276,
        348398.65348959615
      ]
    },
    "nearest_mode_counts": {
      "mean": [
        1243.8,
        7.8,
        265.8,
        1.6,
        98.8,
        1.0,
        373.4,
        7.8
      ],
      "std": [
        23.827714955488283,
        0.7483314773547882,
        13.818827736099758,
        1.019803902718557,
        8.44748483277715,
        0.0,
        16.644518617250544,
        2.785677655436824
      ],