{
  "dw4_8d": {
    "full_time": 0.005783796310424805,
    "chunk128_time": 0.0026586055755615234,
    "chunk256_time": 0.0013096332550048828,
    "max_diff_chunk128": 3.337860107421875e-06,
    "max_diff_chunk256": 3.337860107421875e-06
  },
  "lj13_39d": {
    "full_time": 0.003871917724609375,
    "chunk128_time": 0.0023403167724609375,
    "chunk256_time": 0.003803253173828125,
    "max_diff_chunk128": 2.86102294921875e-06,
    "max_diff_chunk256": 1.9073486328125e-06
  },
  "lj38_114d": {
    "full_time": 0.004709959030151367,
    "chunk128_time": 0.008478403091430664,
    "chunk256_time": 0.008136987686157227,
    "max_diff_chunk128": 9.5367431640625e-07,
    "max_diff_chunk256": 9.5367431640625e-07
  },
  "lj55_165d": {
    "full_time": 0.013861656188964844,
    "chunk128_time": 0.005166769027709961,
    "chunk256_time": 0.010082721710205078,
    "max_diff_chunk128": 9.5367431640625e-07,
    "max_diff_chunk256": 9.5367431640625e-07
  }
}