{
  "M\u00fcller-Brown \u2014 Baseline": {
    "status": "ok",
    "group": "Muller",
    "time_sec": 6.2,
    "ess": 3356.38232421875,
    "ess_fraction": 0.335638232421875,
    "n_samples": 10000,
    "log_weights_mean": -0.9067095518112183,
    "log_weights_std": 1.6594114303588867,
    "log_weights_min": -13.351300239562988,
    "log_weights_max": 3.9180853366851807,
    "control_cost_mean": 0.9193630814552307,
    "control_cost_std": 0.7217859029769897
  },
  "M\u00fcller-Brown \u2014 KSD-ASBS (RBF, \u03bb=0.01)": {
    "status": "ok",
    "group": "Muller",
    "time_sec": 5.1,
    "ess": 3864.126953125,
    "ess_fraction": 0.3864126953125,
    "n_samples": 10000,
    "log_weights_mean": -0.7580425143241882,
    "log_weights_std": 1.4935661554336548,
    "log_weights_min": -7.072188854217529,
    "log_weights_max": 3.895799398422241,
    "control_cost_mean": 0.767728328704834,
    "control_cost_std": 0.6746570467948914
  },
  "RotGMM d=10 \u2014 Baseline": {
    "status": "ok",
    "group": "RotGMM-10",
    "time_sec": 4.3,
    "ess": 12.103448867797852,
    "ess_fraction": 0.0012103448867797852,
    "n_samples": 10000,
    "log_weights_mean": -21.631011962890625,
    "log_weights_std": 3.130275011062622,
    "log_weights_min": -34.27334213256836,
    "log_weights_max": -7.885639667510986,
    "control_cost_mean": 21.678386688232422,
    "control_cost_std": 5.439786434173584
  },
  "RotGMM d=10 \u2014 KSD-ASBS (RBF, \u03bb=1.0)": {
    "status": "ok",
    "group": "RotGMM-10",
    "time_sec": 4.4,
    "ess": 22.958999633789062,
    "ess_fraction": 0.0022958999633789063,
    "n_samples": 10000,
    "log_weights_mean": -20.93778419494629,
    "log_weights_std": 3.1118903160095215,
    "log_weights_min": -37.44584274291992,
    "log_weights_max": -7.888361930847168,
    "control_cost_mean": 20.961536407470703,
    "control_cost_std": 5.22281551361084
  },
  "RotGMM d=10 \u2014 KSD-ASBS (IMQ, \u03bb=1.0)": {
    "status": "ok",
    "group": "RotGMM-10",
    "time_sec": 4.3,
    "ess": 31.176677703857422,
    "ess_fraction": 0.0031176677703857424,
    "n_samples": 10000,
    "log_weights_mean": -20.76427459716797,
    "log_weights_std": 3.0645532608032227,
    "log_weights_min": -31.90876007080078,
    "log_weights_max": -8.1913423538208,
    "control_cost_mean": 20.83026123046875,
    "control_cost_std": 5.254830837249756
  },
  "RotGMM d=30 \u2014 Baseline": {
    "status": "ok",
    "group": "RotGMM-30",
    "time_sec": 8.2,
    "ess": 1.59734308719635,
    "ess_fraction": 0.000159734308719635,
    "n_samples": 10000,
    "log_weights_mean": -104.30382537841797,
    "log_weights_std": 19.70642852783203,
    "log_weights_min": -295.6847839355469,
    "log_weights_max": -59.28593444824219,
    "control_cost_mean": 104.53324127197266,
    "control_cost_std": 22.838533401489258
  },
  "RotGMM d=30 \u2014 KSD-ASBS (RBF, \u03bb=1.0)": {
    "status": "ok",
    "group": "RotGMM-30",
    "time_sec": 8.2,
    "ess": 1.4538582563400269,
    "ess_fraction": 0.0001453858256340027,
    "n_samples": 10000,
    "log_weights_mean": -104.69498443603516,
    "log_weights_std": 18.562034606933594,
    "log_weights_min": -222.91030883789062,
    "log_weights_max": -59.3969612121582,
    "control_cost_mean": 104.76891326904297,
    "control_cost_std": 21.657840728759766
  },
  "RotGMM d=30 \u2014 KSD-ASBS (IMQ, \u03bb=1.0)": {
    "status": "ok",
    "group": "RotGMM-30",
    "time_sec": 8.1,
    "ess": 1.3602582216262817,
    "ess_fraction": 0.00013602582216262817,
    "n_samples": 10000,
    "log_weights_mean": -105.17589569091797,
    "log_weights_std": 20.237533569335938,
    "log_weights_min": -226.03244018554688,
    "log_weights_max": -59.26358413696289,
    "control_cost_mean": 105.33472442626953,
    "control_cost_std": 23.069360733032227
  },
  "RotGMM d=50 \u2014 Baseline": {
    "status": "ok",
    "group": "RotGMM-50",
    "time_sec": 12.1,
    "ess": 1.0,
    "ess_fraction": 0.0001,
    "n_samples": 10000,
    "log_weights_mean": -132630.65625,
    "log_weights_std": 342461.25,
    "log_weights_min": -33594692.0,
    "log_weights_max": -41487.83203125,
    "control_cost_mean": 132630.59375,
    "control_cost_std": 342448.75
  },
  "RotGMM d=50 \u2014 KSD-ASBS (RBF, \u03bb=1.0)": {
    "status": "ok",
    "group": "RotGMM-50",
    "time_sec": 12.1,
    "ess": 1.0,
    "ess_fraction": 0.0001,
    "n_samples": 10000,
    "log_weights_mean": -38081.875,
    "log_weights_std": 4634.0126953125,
    "log_weights_min": -53315.19140625,
    "log_weights_max": -18513.51171875,
    "control_cost_mean": 38085.95703125,
    "control_cost_std": 4613.16357421875
  },
  "RotGMM d=50 \u2014 KSD-ASBS (IMQ, \u03bb=1.0)": {
    "status": "ok",
    "group": "RotGMM-50",
    "time_sec": 12.0,
    "ess": 1.5955228805541992,
    "ess_fraction": 0.0001595522880554199,
    "n_samples": 10000,
    "log_weights_mean": -1765.9696044921875,
    "log_weights_std": 446.29473876953125,
    "log_weights_min": -4228.5986328125,
    "log_weights_max": -704.9451904296875,
    "control_cost_mean": 1766.34814453125,
    "control_cost_std": 443.6514587402344
  },
  "RotGMM d=100 \u2014 Baseline": {
    "status": "ok",
    "group": "RotGMM-100",
    "time_sec": 20.4,
    "ess": 1.0,
    "ess_fraction": 0.0001,
    "n_samples": 10000,
    "log_weights_mean": -30712.52734375,
    "log_weights_std": 5519.75830078125,
    "log_weights_min": -44888.88671875,
    "log_weights_max": -11143.205078125,
    "control_cost_mean": 30714.3984375,
    "control_cost_std": 5494.76171875
  },
  "RotGMM d=100 \u2014 KSD-ASBS (RBF, \u03bb=0.1)": {
    "status": "ok",
    "group": "RotGMM-100",
    "time_sec": 20.5,
    "ess": 1.0,
    "ess_fraction": 0.0001,
    "n_samples": 10000,
    "log_weights_mean": -44665.01171875,
    "log_weights_std": 6361.0556640625,
    "log_weights_min": -70289.640625,
    "log_weights_max": -24028.208984375,
    "control_cost_mean": 44666.609375,
    "control_cost_std": 6346.9072265625
  },
  "RotGMM d=100 \u2014 KSD-ASBS (IMQ, \u03bb=1.0)": {
    "status": "ok",
    "group": "RotGMM-100",
    "time_sec": 20.4,
    "ess": 1.0,
    "ess_fraction": 0.0001,
    "n_samples": 10000,
    "log_weights_mean": -13413.1630859375,
    "log_weights_std": 3377.939697265625,
    "log_weights_min": -24053.34765625,
    "log_weights_max": -1748.2242431640625,
    "control_cost_mean": 13414.849609375,
    "control_cost_std": 3350.79833984375
  },
  "BLogReg Australian \u2014 Baseline": {
    "status": "ok",
    "group": "BLogReg-Au",
    "time_sec": 5.2,
    "ess": 10.331145286560059,
    "ess_fraction": 0.0010331145286560058,
    "n_samples": 10000,
    "log_weights_mean": -30.018117904663086,
    "log_weights_std": 4.478640556335449,
    "log_weights_min": -58.14794921875,
    "log_weights_max": -13.302270889282227,
    "control_cost_mean": 30.120981216430664,
    "control_cost_std": 6.9233598709106445
  },
  "BLogReg Australian \u2014 KSD-ASBS": {
    "status": "ok",
    "group": "BLogReg-Au",
    "time_sec": 4.4,
    "ess": 12.500125885009766,
    "ess_fraction": 0.0012500125885009765,
    "n_samples": 10000,
    "log_weights_mean": -30.218189239501953,
    "log_weights_std": 4.744626045227051,
    "log_weights_min": -71.02136993408203,
    "log_weights_max": -13.251121520996094,
    "control_cost_mean": 30.29507827758789,
    "control_cost_std": 7.114940166473389
  },
  "BLogReg German \u2014 Baseline": {
    "status": "ok",
    "group": "BLogReg-Ge",
    "time_sec": 4.4,
    "ess": 1.0674680471420288,
    "ess_fraction": 0.00010674680471420288,
    "n_samples": 10000,
    "log_weights_mean": -145.42015075683594,
    "log_weights_std": 35.052490234375,
    "log_weights_min": -641.8111572265625,
    "log_weights_max": -71.4510726928711,
    "control_cost_mean": 145.62037658691406,
    "control_cost_std": 37.149253845214844
  },
  "BLogReg German \u2014 KSD-ASBS": {
    "status": "ok",
    "group": "BLogReg-Ge",
    "time_sec": 4.5,
    "ess": 3.3563578128814697,