{
  "lj13_baseline": {
    "energy_w2": {
      "mean": 12.20153249451931,
      "std": 9.154342959197116,
      "values": [
        9.525381828370923,
        6.378105455275308,
        5.654404119808205,
        9.192333177278314,
        30.25743789186379
      ]
    },
    "eq_w2": {
      "mean": 1.8709269523620606,
      "std": 0.020669461614679037,
      "values": [
        1.8950318098068237,
        1.8694038391113281,
        1.8663232326507568,
        1.8881101608276367,
        1.8357657194137573
      ]
    },
    "dist_w2": {
      "mean": 0.004282841716513819,
      "std": 0.00035554288053734175,
      "values": [
        0.004422665786117483,
        0.004499621969555102,
        0.003607294533966254,
        0.004613021935291884,
        0.004271604357638373
      ]
    },
    "ksd_squared": {
      "mean": 101.45474052429199,
      "std": 151.03110128474626,
      "values": [
        39.95161056518555,
        15.134991645812988,
        12.563889503479004,
        36.91825485229492,
        402.7049560546875
      ]
    },
    "mean_energy": {
      "mean": -37.35422973632812,
      "std": 0.29847450450560403,
      "values": [
        -37.309078216552734,
        -37.54072189331055,
        -37.796119689941406,
        -37.2097053527832,
        -36.915523529052734
      ]
    },
    "std_energy": {
      "mean": 14.456075668334961,
      "std": 8.567125343913458,
      "values": [
        12.017983436584473,
        8.951543807983398,
        8.512629508972168,
        11.424192428588867,
        31.3740291595459
      ]
    },
    "min_energy": {
      "mean": -59.836429595947266,
      "std": 1.1826985034270756,
      "values": [
        -61.555641174316406,
        -60.76754379272461,
        -59.66655349731445,
        -58.777923583984375,
        -58.414485931396484
      ]
    },
    "max_energy": {
      "mean": 406.36180267333987,
      "std": 461.049449753936,
      "values": [
        280.1129455566406,
        103.13729858398438,
        43.97710418701172,
        297.2626953125,
        1307.3189697265625
      ]
    },
    "ref_mean_energy": {
      "mean": -43.08295211791992,
      "std": 0.12709370325327174,
      "values": [
        -43.1348876953125,
        -43.15458679199219,
        -42.990447998046875,
        -42.88867950439453,
        -43.246158599853516
      ]
    },
    "bandwidth": {
      "mean": 6.197678089141846,
      "std": 0.008315776981559074,
      "values": [
        6.201268672943115,
        6.197446346282959,
        6.188695430755615,
        6.211359977722168,
        6.189620018005371
      ]
    },
    "valid_count": {
      "mean": 2000.0,
      "std": 0.0,
      "values": [
        2000,
        2000,
        2000,
        2000,
        2000
      ]
    },
    "nan_count": {
      "mean": 0.0,
      "std": 0.0,
      "values": [
        0,
        0,
        0,
        0,
        0
      ]
    },
    "inf_count": {
      "mean": 0.0,
      "std": 0.0,
      "values": [
        0,
        0,
        0,
        0,
        0
      ]
    }
  },
  "lj13_ksd_ckpt50": {
    "energy_w2": {
      "mean": 16.069399797420715,
      "std": 0.29834598813580615,
      "values": [
        16.266785503483348,
        15.970720234831425,
        15.544867222177746,
        16.405913928886985,
        16.15871209772407
      ]
    },
    "eq_w2": {
      "mean": 2.2042852878570556,
      "std": 0.011273933341719044,
      "values": [
        2.2172462940216064,
        2.2069451808929443,
        2.205854654312134,
        2.2081446647644043,
        2.1832356452941895
      ]
    },
    "dist_w2": {
      "mean": 0.09650289722242038,
      "std": 0.004018607871736749,
      "values": [
        0.09867081955352504,
        0.09582522069488646,
        0.0904671458200407,
        0.10257208307526595,
        0.0949792169683838
      ]
    },
    "ksd_squared": {
      "mean": 2.6843821525573732,
      "std": 0.15056370568987068,
      "values": [
        2.6886701583862305,
        2.9343159198760986,
        2.47025465965271,
        2.6184682846069336,
        2.7102017402648926
      ]
    },
    "mean_energy": {
      "mean": -27.379781341552736,
      "std": 0.31127290527335877,
      "values": [
        -27.22014617919922,
        -27.529739379882812,
        -27.762035369873047,
        -26.861108779907227,
        -27.525876998901367
      ]
    },
    "std_energy": {
      "mean": 10.44832763671875,
      "std": 0.21871333583301591,
      "values": [
        10.41428279876709,
        10.282208442687988,
        10.161274909973145,
        10.623621940612793,
        10.760250091552734
      ]
    },
    "min_energy": {
      "mean": -53.35248718261719,
      "std": 0.8234279692773672,
      "values": [
        -53.47446060180664,
        -53.73018264770508,
        -52.54157257080078,
        -52.38414001464844,
        -54.632080078125
      ]
    },
    "max_energy": {
      "mean": 20.217532348632812,
      "std": 3.394682222134408,
      "values": [
        16.645214080810547,
        22.95432472229004,
        25.374147415161133,
        18.905887603759766,
        17.208087921142578
      ]
    },
    "ref_mean_energy": {
      "mean": -43.08295211791992,
      "std": 0.12709370325327174,
      "values": [
        -43.1348876953125,
        -43.15458679199219,
        -42.990447998046875,
        -42.88867950439453,
        -43.246158599853516
      ]
    },
    "bandwidth": {
      "mean": 6.960420608520508,
      "std": 0.0230415955887186,
      "values": [
        6.973426342010498,
        6.955080509185791,
        6.937290668487549,
        6.998172283172607,
        6.938133239746094
      ]
    },
    "valid_count": {
      "mean": 2000.0,
      "std": 0.0,
      "values": [
        2000,
        2000,
        2000,
        2000,
        2000
      ]
    },
    "nan_count": {
      "mean": 0.0,
      "std": 0.0,
      "values": [
        0,
        0,
        0,
        0,
        0
      ]
    },
    "inf_count": {
      "mean": 0.0,
      "std": 0.0,
      "values": [
        0,
        0,
        0,
        0,
        0
      ]
    }
  },
  "lj13_ksd_ckpt1550": {
    "energy_w2": {
      "mean": 3.2867472447428083,
      "std": 0.15959214026317695,
      "values": [
        3.3215492269174454,
        3.3026760107460458,
        2.997383470957133,
        3.323362189894144,
        3.4887653251992745
      ]
    },
    "eq_w2": {
      "mean": 1.844299602508545,
      "std": 0.019018413378650123,
      "values": [
        1.8585214614868164,
        1.853286862373352,
        1.8335161209106445,
        1.8638936281204224,
        1.8122799396514893
      ]
    },
    "dist_w2": {
      "mean": 0.0023059893941434415,
      "std": 0.00025014095883101105,
      "values": [
        0.002349958576376201,
        0.0024753309450967226,
        0.0018222370783203454,
        0.002517554860080378,
        0.002364865510843559
      ]
    },
    "ksd_squared": {
      "mean": 3.2782824993133546,
      "std": 0.30371418657165083,
      "values": [
        3.2469234466552734,
        3.710890769958496,
        2.8180348873138428,
        3.1352853775024414,
        3.4802780151367188
      ]
    },
    "mean_energy": {
      "mean": -39.817308044433595,
      "std": 0.1444784365273868,
      "values": [
        -39.827850341796875,
        -39.871734619140625,
        -40.02656555175781,
        -39.58042526245117,
        -39.779964447021484
      ]
    },
    "std_energy": {
      "mean": 7.04274959564209,
      "std": 0.1516616258759591,
      "values": [
        7.076605319976807,
        6.897780895233154,
        6.836650848388672,
        7.196074485778809,
        7.206636428833008
      ]
    },
    "min_energy": {
      "mean": -60.85114364624023,
      "std": 0.47030850565499704,
      "values": [
        -60.99376678466797,
        -61.589073181152344,
        -60.159759521484375,
        -60.90683364868164,
        -60.606285095214844
      ]
    },