{
  "lj13_asbs_ckpt2150": {
    "energy_w2": {
      "mean": 2.79839797657275,
      "std": 0.16988103929795118,
      "values": [
        2.7548317779495255,
        2.8176009782381954,
        2.499063959806148,
        2.964733896062106,
        2.955759270807771
      ]
    },
    "eq_w2": {
      "mean": 1.8475552797317505,
      "std": 0.018690494289707288,
      "values": [
        1.8664617538452148,
        1.84841787815094,
        1.8296095132827759,
        1.869717001914978,
        1.8235702514648438
      ]
    },
    "dist_w2": {
      "mean": 0.0020384421760796,
      "std": 0.0003335795641567947,
      "values": [
        0.0019481125638093582,
        0.0022002316928603593,
        0.0014804352613236559,
        0.0024965477412135146,
        0.0020668836211911114
      ]
    },
    "ksd_squared": {
      "mean": 4.0127543926239015,
      "std": 0.22443208385713706,
      "values": [
        4.098374366760254,
        4.199512958526611,
        3.6391005516052246,
        3.8832619190216064,
        4.2435221672058105
      ]
    },
    "mean_energy": {
      "mean": -40.31109390258789,
      "std": 0.19912026602421945,
      "values": [
        -40.39613723754883,
        -40.364219665527344,
        -40.53416442871094,
        -39.939186096191406,
        -40.32176208496094
      ]
    },
    "std_energy": {
      "mean": 7.108221340179443,
      "std": 0.15603756647760073,
      "values": [
        6.972738742828369,
        7.052494049072266,
        6.930130958557129,
        7.279269695281982,
        7.306473255157471
      ]
    },
    "min_energy": {
      "mean": -60.25713577270508,
      "std": 1.813310829438455,
      "values": [
        -58.81412124633789,
        -60.354591369628906,
        -57.99481201171875,
        -63.22773361206055,
        -60.8944206237793
      ]
    },
    "max_energy": {
      "mean": -5.293855667114258,
      "std": 4.216312841729304,
      "values": [
        -9.234481811523438,
        -3.6308040618896484,
        1.3820781707763672,
        -10.352346420288086,
        -4.633724212646484
      ]
    },
    "ref_mean_energy": {
      "mean": -43.08295211791992,
      "std": 0.12709370325327174,
      "values": [
        -43.1348876953125,
        -43.15458679199219,
        -42.990447998046875,
        -42.88867950439453,
        -43.246158599853516
      ]
    },
    "bandwidth": {
      "mean": 6.128109073638916,
      "std": 0.010935516115466951,
      "values": [
        6.125983715057373,
        6.128170490264893,
        6.1160569190979,
        6.148367881774902,
        6.121966361999512
      ]
    },
    "valid_count": {
      "mean": 2000.0,
      "std": 0.0,
      "values": [
        2000,
        2000,
        2000,
        2000,
        2000
      ]
    },
    "nan_count": {
      "mean": 0.0,
      "std": 0.0,
      "values": [
        0,
        0,
        0,
        0,
        0
      ]
    },
    "inf_count": {
      "mean": 0.0,
      "std": 0.0,
      "values": [
        0,
        0,
        0,
        0,
        0
      ]
    }
  }
}