{
  "ASBS": {
    "std_energy_mean": 1.0800422430038452,
    "std_energy_std": 0.032179470072621626,
    "mode_weight_tv_mean": 0.2537271912444417,
    "mode_weight_tv_std": 0.07479200201454529,
    "energy_w2_mean": 0.15551995734373728,
    "energy_w2_std": 0.04207554428558177,
    "w2_mean": 1.7671116149544985,
    "w2_std": 0.28515997684167366,
    "sinkhorn_mean": 3.0653211293355063,
    "sinkhorn_std": 0.9599905152744325,
    "kl_mean": 2.406222504205098,
    "kl_std": 0.46495507100919264,
    "ess_mean": 7.967263539632161,
    "ess_std": 1.2551699566719012,
    "ess_pct_mean": 0.39836317698160806,
    "ess_pct_std": 0.06275849783359505
  },
  "SDR $\\beta$=0.5": {
    "std_energy_mean": 1.139086127281189,
    "std_energy_std": 0.0008474669973909342,
    "mode_weight_tv_mean": 0.16227051243065357,
    "mode_weight_tv_std": 0.03623492597067567,
    "energy_w2_mean": 0.255659153064092,
    "energy_w2_std": 0.01830118418939519,
    "w2_mean": 1.2719668833371836,
    "w2_std": 0.2969575818336769,
    "sinkhorn_mean": 1.666361657775736,
    "sinkhorn_std": 0.7645610436169413,
    "kl_mean": 2.1774885249524716,
    "kl_std": 0.0790175807543346,
    "ess_mean": 4.670828143755595,
    "ess_std": 2.63317508819564,
    "ess_pct_mean": 0.23354140718777974,
    "ess_pct_std": 0.131658754409782
  },
  "SDR $\\beta$=0.7": {
    "std_energy_mean": 1.2210424741109211,
    "std_energy_std": 0.015248461835062068,
    "mode_weight_tv_mean": 0.09502289150734451,
    "mode_weight_tv_std": 0.015319706066189803,
    "energy_w2_mean": 0.36995266874631244,
    "energy_w2_std": 0.02817562897753358,
    "w2_mean": 0.7354817613971729,
    "w2_std": 0.15169719201561174,
    "sinkhorn_mean": 0.5464249763026076,
    "sinkhorn_std": 0.22415329807262444,
    "kl_mean": 2.2271709364780237,
    "kl_std": 0.0832037011088126,
    "ess_mean": 2.16776712735494,
    "ess_std": 0.22317813396069158,
    "ess_pct_mean": 0.10838835636774698,
    "ess_pct_std": 0.011158906698034578
  },
  "SDR $\\beta$=1.0": {
    "std_energy_mean": 1.379942814509074,
    "std_energy_std": 0.11930621889537048,
    "mode_weight_tv_mean": 0.1219911202895822,
    "mode_weight_tv_std": 0.040460407162037144,
    "energy_w2_mean": 0.5959099928538004,
    "energy_w2_std": 0.16210819375550034,
    "w2_mean": 0.8793260300833632,
    "w2_std": 0.3608198711264877,
    "sinkhorn_mean": 0.884466264252976,
    "sinkhorn_std": 0.692043298684874,
    "kl_mean": 2.258825303853945,
    "kl_std": 0.10224100576149928,
    "ess_mean": 2.968994379043579,
    "ess_std": 0.8647310324401722,
    "ess_pct_mean": 0.14844971895217893,
    "ess_pct_std": 0.043236551622008616
  }
}