{
  "ASBS": {
    "mean_energy_mean": 1.0710864464441936,
    "mean_energy_std": 0.02907788616682365,
    "std_energy_mean": 1.0800422430038452,
    "std_energy_std": 0.032179470072621626,
    "ref_mean_energy_mean": 1.0293523073196411,
    "ref_mean_energy_std": 0.0,
    "mode_weight_tv_mean": 0.2537271912444417,
    "mode_weight_tv_std": 0.07479200201454529,
    "energy_w2_mean": 0.10021506746610005,
    "energy_w2_std": 0.03367657353965918,
    "w2_mean": 1.76741269399307,
    "w2_std": 0.2896311550191147,
    "sinkhorn_mean": 3.144386116038037,
    "sinkhorn_std": 0.9696043998151339,
    "kl_mean": 2.406222504205098,
    "kl_std": 0.46495507100919264,
    "ess_mean": 7.967263539632161,
    "ess_std": 1.2551699566719012,
    "ess_pct_mean": 0.39836317698160806,
    "ess_pct_std": 0.06275849783359505,
    "ref_mean_energy": 1.0156446695327759
  },
  "DARW $\\beta$=0.3": {
    "mean_energy_mean": Infinity,
    "mean_energy_std": NaN,
    "std_energy_mean": 1.0874536037445068,
    "std_energy_std": 0.06686890125274658,
    "ref_mean_energy_mean": 1.0293523073196411,
    "ref_mean_energy_std": 0.0,
    "mode_weight_tv_mean": 0.15383503152434516,
    "mode_weight_tv_std": 0.04338891447275153,
    "energy_w2_mean": Infinity,
    "energy_w2_std": NaN,
    "w2_mean": 0.8963221935325025,
    "w2_std": 0.6681060599783153,
    "sinkhorn_mean": 1.9218740266413104,
    "sinkhorn_std": 0.6798028819141751,
    "kl_mean": 2.209393079396098,
    "kl_std": 0.08932648138462751,
    "ess_mean": 6.0028300285339355,
    "ess_std": 1.145174503326416,
    "ess_pct_mean": 0.30014150142669677,
    "ess_pct_std": 0.05725872516632079,
    "ref_mean_energy": 1.0156446695327759
  },
  "DARW $\\beta$=0.5": {
    "mean_energy_mean": 1.1681156555811565,
    "mean_energy_std": 0.0247300557167154,
    "std_energy_mean": 1.139086127281189,
    "std_energy_std": 0.0008474669973909342,
    "ref_mean_energy_mean": 1.0293523073196411,
    "ref_mean_energy_std": 0.0,
    "mode_weight_tv_mean": 0.16227051243065357,
    "mode_weight_tv_std": 0.03623492597067567,
    "energy_w2_mean": 0.1901445984840393,
    "energy_w2_std": 0.020770264818994078,
    "w2_mean": 1.2704953236069756,
    "w2_std": 0.2994587876782541,
    "sinkhorn_mean": 1.7483518501649613,
    "sinkhorn_std": 0.7724353838504314,
    "kl_mean": 2.1774885249524716,
    "kl_std": 0.0790175807543346,
    "ess_mean": 4.670828143755595,
    "ess_std": 2.63317508819564,
    "ess_pct_mean": 0.23354140718777974,
    "ess_pct_std": 0.131658754409782,
    "ref_mean_energy": 1.0156446695327759
  },
  "DARW $\\beta$=0.7": {
    "mean_energy_mean": 1.250004490216573,
    "mean_energy_std": 0.025119986047920043,
    "std_energy_mean": 1.2210424741109211,
    "std_energy_std": 0.015248461835062068,
    "ref_mean_energy_mean": 1.0293523073196411,
    "ref_mean_energy_std": 0.0,
    "mode_weight_tv_mean": 0.09502289150734451,
    "mode_weight_tv_std": 0.015319706066189803,
    "energy_w2_mean": 0.30592483282089233,
    "energy_w2_std": 0.028956885370141183,
    "w2_mean": 0.7361642361228725,
    "w2_std": 0.14915481794668847,
    "sinkhorn_mean": 0.6293871930076143,
    "sinkhorn_std": 0.22028051378506067,
    "kl_mean": 2.2271709364780237,
    "kl_std": 0.0832037011088126,
    "ess_mean": 2.16776712735494,
    "ess_std": 0.22317813396069158,
    "ess_pct_mean": 0.10838835636774698,
    "ess_pct_std": 0.011158906698034578,
    "ref_mean_energy": 1.0156446695327759
  },
  "ref_mean_energy": 1.0156446695327759
}