{
  "ASBS": {
    "std_energy_mean": 1.0800422430038452,
    "std_energy_std": 0.032179470072621626,
    "mode_weight_tv_mean": 0.2537271912444417,
    "mode_weight_tv_std": 0.07479200201454529,
    "energy_w2_mean": 0.13532531261444092,
    "energy_w2_std": 0.031530898983460946,
    "w2_mean": 1.7681035836721417,
    "w2_std": 0.28669230127328243,
    "sinkhorn_mean": 3.140248530401577,
    "sinkhorn_std": 0.9585761431733388,
    "kl_mean": 2.406222504205098,
    "kl_std": 0.46495507100919264,
    "ess_mean": 7.967263539632161,
    "ess_std": 1.2551699566719012,
    "ess_pct_mean": 0.39836317698160806,
    "ess_pct_std": 0.06275849783359505
  },
  "SDR $\\beta$=0.5": {
    "std_energy_mean": 1.139086127281189,
    "std_energy_std": 0.0008474669973909342,
    "mode_weight_tv_mean": 0.16227051243065357,
    "mode_weight_tv_std": 0.03623492597067567,
    "energy_w2_mean": 0.2227645069360733,
    "energy_w2_std": 0.02048724111834579,
    "w2_mean": 1.2728583351649414,
    "w2_std": 0.2984826400916071,
    "sinkhorn_mean": 1.7523793142440303,
    "sinkhorn_std": 0.7695557994675444,
    "kl_mean": 2.1774885249524716,
    "kl_std": 0.0790175807543346,
    "ess_mean": 4.670828143755595,
    "ess_std": 2.63317508819564,
    "ess_pct_mean": 0.23354140718777974,
    "ess_pct_std": 0.131658754409782
  },
  "SDR $\\beta$=0.7": {
    "std_energy_mean": 1.2210424741109211,
    "std_energy_std": 0.015248461835062068,
    "mode_weight_tv_mean": 0.09502289150734451,
    "mode_weight_tv_std": 0.015319706066189803,
    "energy_w2_mean": 0.32620588938395184,
    "energy_w2_std": 0.02667011163887652,
    "w2_mean": 0.736852616877552,
    "w2_std": 0.15104646537108887,
    "sinkhorn_mean": 0.6308317192601572,
    "sinkhorn_std": 0.22434135147557116,
    "kl_mean": 2.2271709364780237,
    "kl_std": 0.0832037011088126,
    "ess_mean": 2.16776712735494,
    "ess_std": 0.22317813396069158,
    "ess_pct_mean": 0.10838835636774698,
    "ess_pct_std": 0.011158906698034578
  },
  "SDR $\\beta$=1.0": {
    "std_energy_mean": 1.379942814509074,
    "std_energy_std": 0.11930621889537048,
    "mode_weight_tv_mean": 0.1219911202895822,
    "mode_weight_tv_std": 0.040460407162037144,
    "energy_w2_mean": 0.5373719135920206,
    "energy_w2_std": 0.14664287661836575,
    "w2_mean": 0.8762904545986085,
    "w2_std": 0.3611107298664574,
    "sinkhorn_mean": 0.9619328112180412,
    "sinkhorn_std": 0.6891082598556834,
    "kl_mean": 2.258825303853945,
    "kl_std": 0.10224100576149928,
    "ess_mean": 2.968994379043579,
    "ess_std": 0.8647310324401722,
    "ess_pct_mean": 0.14844971895217893,
    "ess_pct_std": 0.043236551622008616
  }
}