{
  "per_seed": {
    "muller_asbs": {
      "seed_0": {
        "mean_energy": {
          "mean": 0.2604948043823242,
          "std": 0.00540884109922908,
          "values": [
            0.2518153190612793,
            0.266069233417511,
            0.2640327215194702,
            0.2565865218639374,
            0.2639702260494232
          ]
        },
        "std_energy": {
          "mean": 0.4970810353755951,
          "std": 0.03008135503895118,
          "values": [
            0.47853758931159973,
            0.4778856039047241,
            0.5119476914405823,
            0.46771562099456787,
            0.5493186712265015
          ]
        },
        "min_energy": {
          "mean": -0.14499667882919312,
          "std": 0.0013986349174418455,
          "values": [
            -0.14660842716693878,
            -0.14338526129722595,
            -0.14376424252986908,
            -0.1466871052980423,
            -0.14453835785388947
          ]
        },
        "mean_raw_energy": {
          "mean": 260.4947845458984,
          "std": 5.408848390941555,
          "values": [
            251.81529235839844,
            266.0692138671875,
            264.03271484375,
            256.58648681640625,
            263.97021484375
          ]
        },
        "min_raw_energy": {
          "mean": -144.99667053222657,
          "std": 1.398634917806717,
          "values": [
            -146.60841369628906,
            -143.38525390625,
            -143.7642364501953,
            -146.68710327148438,
            -144.53834533691406
          ]
        },
        "ksd_squared": {
          "mean": 0.02163989208638668,
          "std": 0.006713281672081659,
          "values": [
            0.013741530478000641,
            0.03214045241475105,
            0.02263781987130642,
            0.015084907412528992,
            0.024594750255346298
          ]
        },
        "energy_w2": {
          "mean": 0.4254779152159934,
          "std": 0.031158818915949738,
          "values": [
            0.4035193540968025,
            0.3955157410327208,
            0.45555673630350435,
            0.4022581370745798,
            0.4705396075723593
          ]
        },
        "modes_covered": {
          "mean": 3.0,
          "std": 0.0,
          "values": [
            3,
            3,
            3,
            3,
            3
          ]
        },
        "per_mode": [
          {
            "name": "Min A (deepest)",
            "loc": [
              -0.558,
              1.442
            ],
            "count": 29
          },
          {
            "name": "Min B",
            "loc": [
              0.623,
              0.028
            ],
            "count": 34
          },
          {
            "name": "Min C (shallowest)",
            "loc": [
              -0.05,
              0.467
            ],
            "count": 34
          }
        ]
      }
    },
    "muller_ksd_asbs": {
      "seed_1": {
        "mean_energy": {
          "mean": 0.25256561040878295,
          "std": 0.007658382571886178,
          "values": [
            0.25035151839256287,
            0.26473569869995117,
            0.24869242310523987,
            0.2568296492099762,
            0.2422187626361847
          ]
        },
        "std_energy": {
          "mean": 0.4689198672771454,
          "std": 0.024473652144450464,
          "values": [
            0.4768637716770172,
            0.5041100978851318,
            0.4509446620941162,
            0.4792941212654114,
            0.4333866834640503
          ]
        },
        "min_energy": {
          "mean": -0.14562748968601227,
          "std": 0.0006926891983923422,
          "values": [
            -0.1453075259923935,
            -0.14575473964214325,
            -0.14617304503917694,
            -0.14447110891342163,
            -0.14643102884292603
          ]
        },
        "mean_raw_energy": {
          "mean": 252.56560668945312,
          "std": 7.658391141605874,
          "values": [
            250.3515167236328,
            264.7356872558594,
            248.69241333007812,
            256.8296813964844,
            242.21873474121094
          ]
        },
        "min_raw_energy": {
          "mean": -145.62748107910156,
          "std": 0.6926870684777692,
          "values": [
            -145.30752563476562,
            -145.75473022460938,
            -146.17303466796875,
            -144.47109985351562,
            -146.43101501464844
          ]
        },
        "ksd_squared": {
          "mean": 0.015435945242643356,
          "std": 0.0038688261976847363,
          "values": [
            0.011206609196960926,
            0.015878641977906227,
            0.01277974434196949,
            0.0224616602063179,
            0.014853070490062237
          ]
        },
        "energy_w2": {
          "mean": 0.4078922668565304,
          "std": 0.026858858780111555,
          "values": [
            0.3850289485971702,
            0.4515918624882733,
            0.38187893117756927,
            0.42604535342630373,
            0.3949162385933352
          ]
        },
        "modes_covered": {
          "mean": 3.0,
          "std": 0.0,
          "values": [
            3,
            3,
            3,
            3,
            3
          ]
        },
        "per_mode": [
          {
            "name": "Min A (deepest)",
            "loc": [
              -0.558,
              1.442
            ],
            "count": 20
          },
          {
            "name": "Min B",
            "loc": [
              0.623,
              0.028
            ],
            "count": 50
          },
          {
            "name": "Min C (shallowest)",
            "loc": [
              -0.05,
              0.467
            ],
            "count": 42
          }
        ]
      }
    }
  },
  "summary": {
    "muller_asbs": {
      "mean_energy": {
        "mean": 0.2604948043823242,
        "std": 0.0,
        "per_seed_means": [
          0.2604948043823242
        ]
      },
      "std_energy": {
        "mean": 0.4970810353755951,
        "std": 0.0,
        "per_seed_means": [
          0.4970810353755951
        ]
      },
      "min_energy": {
        "mean": -0.14499667882919312,
        "std": 0.0,
        "per_seed_means": [
          -0.14499667882919312
        ]
      },
      "mean_raw_energy": {
        "mean": 260.4947845458984,
        "std": 0.0,
        "per_seed_means": [
          260.4947845458984
        ]
      },
      "min_raw_energy": {
        "mean": -144.99667053222657,
        "std": 0.0,
        "per_seed_means": [
          -144.99667053222657
        ]
      },
      "ksd_squared": {
        "mean": 0.02163989208638668,
        "std": 0.0,
        "per_seed_means": [
          0.02163989208638668
        ]
      },
      "energy_w2": {
        "mean": 0.4254779152159934,
        "std": 0.0,
        "per_seed_means": [
          0.4254779152159934
        ]
      },
      "modes_covered": {
        "mean": 3.0,
        "std": 0.0,
        "per_seed_means": [
          3.0
        ]
      }
    },
    "muller_ksd_asbs": {
      "mean_energy": {
        "mean": 0.25256561040878295,
        "std": 0.0,
        "per_seed_means": [
          0.25256561040878295
        ]
      },
      "std_energy": {
        "mean": 0.4689198672771454,
        "std": 0.0,
        "per_seed_means": [
          0.4689198672771454
        ]
      },
      "min_energy": {
        "mean": -0.14562748968601227,
        "std": 0.0,
        "per_seed_means": [
          -0.14562748968601227
        ]
      },
      "mean_raw_energy": {
        "mean": 252.56560668945312,
        "std": 0.0,
        "per_seed_means": [
          252.56560668945312
        ]
      },
      "min_raw_energy": {
        "mean": -145.62748107910156,
        "std": 0.0,
        "per_seed_means": [
          -145.62748107910156
        ]
      },