{
  "per_seed": {
    "muller_asbs": {
      "seed_0": {
        "mean_energy": {
          "mean": 0.2560190945863724,
          "std": 0.005959078595539856,
          "values": [
            0.24579615890979767,
            0.25928840041160583,
            0.26066094636917114,
            0.25280821323394775,
            0.2615417540073395
          ]
        },
        "std_energy": {
          "mean": 0.49044169783592223,
          "std": 0.03094564474717815,
          "values": [
            0.4650002717971802,
            0.47224703431129456,
            0.49971526861190796,
            0.46804100275039673,
            0.5472049117088318
          ]
        },
        "min_energy": {
          "mean": -0.14526792764663696,
          "std": 0.0008511232430131578,
          "values": [
            -0.14475715160369873,
            -0.14385730028152466,
            -0.14560215175151825,
            -0.14606446027755737,
            -0.1460585743188858
          ]
        },
        "mean_raw_energy": {
          "mean": 256.0190856933594,
          "std": 5.959084341097789,
          "values": [
            245.796142578125,
            259.28839111328125,
            260.66094970703125,
            252.80819702148438,
            261.541748046875
          ]
        },
        "min_raw_energy": {
          "mean": -145.267919921875,
          "std": 0.8511205220498247,
          "values": [
            -144.75714111328125,
            -143.8572998046875,
            -145.60214233398438,
            -146.064453125,
            -146.05856323242188
          ]
        },
        "ksd_squared": {
          "mean": 0.020378638058900833,
          "std": 0.003913609394130663,
          "values": [
            0.01643267273902893,
            0.024412553757429123,
            0.020321395248174667,
            0.01563386432826519,
            0.025092704221606255
          ]
        },
        "energy_w2": {
          "mean": 0.4180191555933589,
          "std": 0.031709308609127136,
          "values": [
            0.39062652164239287,
            0.38785490200470213,
            0.44319348002318276,
            0.40097565968748833,
            0.46744521460902855
          ]
        },
        "modes_covered": {
          "mean": 3.0,
          "std": 0.0,
          "values": [
            3,
            3,
            3,
            3,
            3
          ]
        },
        "per_mode": [
          {
            "name": "Min A (deepest)",
            "loc": [
              -0.558,
              1.442
            ],
            "count": 27
          },
          {
            "name": "Min B",
            "loc": [
              0.623,
              0.028
            ],
            "count": 45
          },
          {
            "name": "Min C (shallowest)",
            "loc": [
              -0.05,
              0.467
            ],
            "count": 33
          }
        ]
      },
      "seed_1": {
        "mean_energy": {
          "mean": 0.287848562002182,
          "std": 0.0077730984031600565,
          "values": [
            0.28621435165405273,
            0.2996138334274292,
            0.28287655115127563,
            0.293110728263855,
            0.2774273455142975
          ]
        },
        "std_energy": {
          "mean": 0.5301199674606323,
          "std": 0.02428077802683006,
          "values": [
            0.5419309139251709,
            0.5633349418640137,
            0.5105966925621033,
            0.5397147536277771,
            0.4950225353240967
          ]
        },
        "min_energy": {
          "mean": -0.1452493667602539,
          "std": 0.0023206590772637727,
          "values": [
            -0.14061278104782104,
            -0.1463068574666977,
            -0.14645521342754364,
            -0.14657892286777496,
            -0.1462930589914322
          ]
        },
        "mean_raw_energy": {
          "mean": 287.8485595703125,
          "std": 7.7730977038201505,
          "values": [
            286.2143249511719,
            299.6138000488281,
            282.8765563964844,
            293.11077880859375,
            277.4273376464844
          ]
        },
        "min_raw_energy": {
          "mean": -145.24935913085938,
          "std": 2.3206569826323777,
          "values": [
            -140.61277770996094,
            -146.30685424804688,
            -146.4552001953125,
            -146.57891845703125,
            -146.2930450439453
          ]
        },
        "ksd_squared": {
          "mean": 0.028926153481006623,
          "std": 0.0072698896955241355,
          "values": [
            0.020458213984966278,
            0.034118663519620895,
            0.023767199367284775,
            0.04033375903964043,
            0.025952931493520737
          ]
        },
        "energy_w2": {
          "mean": 0.47877419980378944,
          "std": 0.026094077877869524,
          "values": [
            0.46044455892282926,
            0.520688967579336,
            0.450248991796463,
            0.49682935050441535,
            0.4656591302159039
          ]
        },
        "modes_covered": {
          "mean": 3.0,
          "std": 0.0,
          "values": [
            3,
            3,
            3,
            3,
            3
          ]
        },
        "per_mode": [
          {
            "name": "Min A (deepest)",
            "loc": [
              -0.558,
              1.442
            ],
            "count": 18
          },
          {
            "name": "Min B",
            "loc": [
              0.623,
              0.028
            ],
            "count": 45
          },
          {
            "name": "Min C (shallowest)",
            "loc": [
              -0.05,
              0.467
            ],
            "count": 37
          }
        ]
      },
      "seed_2": {
        "mean_energy": {
          "mean": 0.24361189901828767,
          "std": 0.008523776256413039,
          "values": [
            0.2544870674610138,
            0.24994584918022156,
            0.2345373034477234,
            0.24623239040374756,
            0.232856884598732
          ]
        },
        "std_energy": {
          "mean": 0.467639172077179,
          "std": 0.02435176284210508,
          "values": [
            0.48553574085235596,
            0.45455995202064514,
            0.44083327054977417,
            0.5061414837837219,
            0.4511254131793976
          ]
        },
        "min_energy": {
          "mean": -0.1452864706516266,
          "std": 0.0007118587280215645,
          "values": [
            -0.14537355303764343,
            -0.14483119547367096,
            -0.1453099101781845,
            -0.1443960964679718,
            -0.14652159810066223
          ]
        },
        "mean_raw_energy": {
          "mean": 243.6118927001953,
          "std": 8.523776075269273,
          "values": [
            254.487060546875,
            249.94586181640625,
            234.53729248046875,
            246.23236083984375,
            232.8568878173828
          ]
        },
        "min_raw_energy": {
          "mean": -145.28646545410157,
          "std": 0.7118588860117047,
          "values": [
            -145.37355041503906,
            -144.83119201660156,
            -145.30990600585938,
            -144.39608764648438,
            -146.52159118652344
          ]
        },
        "ksd_squared": {
          "mean": 0.016711866855621337,
          "std": 0.003841328917070247,
          "values": [
            0.024206409230828285,
            0.015257851220667362,
            0.013224474154412746,
            0.015629667788743973,
            0.015240931883454323
          ]
        },
        "energy_w2": {
          "mean": 0.40342800403782997,
          "std": 0.02325119243563232,