{
  "ASBS": {
    "mode_weight_tv_mean": 0.3251734661009651,
    "mode_weight_tv_std": 0.09283121208091265,
    "energy_w2_mean": 3.504194498062134,
    "energy_w2_std": 1.9777375252787228,
    "w2_mean": 3.275588832516442,
    "w2_std": 0.3325914989058843,
    "sinkhorn_mean": 4.685752713894384,
    "sinkhorn_std": 3.322292288098296
  },
  "SDR $\\beta$=0.5": {
    "mode_weight_tv_mean": 0.7019538081480517,
    "mode_weight_tv_std": 0.01769395838965817,
    "energy_w2_mean": 413.42349521319073,
    "energy_w2_std": 583.479944137085,
    "w2_mean": 1.2313518537683386,
    "w2_std": 0.28756648359064624,
    "sinkhorn_mean": 0.0,
    "sinkhorn_std": 0.0
  },
  "SDR $\\beta$=0.7": {
    "mode_weight_tv_mean": 0.6982868052094101,
    "mode_weight_tv_std": 0.031202595897368766,
    "energy_w2_mean": 22.6491775115331,
    "energy_w2_std": 29.91839412535977,
    "w2_mean": 1.118542819773996,
    "w2_std": 0.1915972464394744,
    "sinkhorn_mean": 0.0,
    "sinkhorn_std": 0.0
  },
  "SDR $\\beta$=1.0": {
    "mode_weight_tv_mean": 0.6683229472565427,
    "mode_weight_tv_std": 0.06841355247608702,
    "energy_w2_mean": 77.32512752215068,
    "energy_w2_std": 103.43207517419091,
    "w2_mean": 1.5496783926402935,
    "w2_std": 0.09359910569058395,
    "sinkhorn_mean": 1.627679563239365,
    "sinkhorn_std": 1.1875183497529924
  }
}