{
  "ASBS": {
    "mode_weight_tv_mean": 0.3251734661009651,
    "mode_weight_tv_std": 0.09283121208091265,
    "energy_w2_mean": 3.502780477205912,
    "energy_w2_std": 1.9752238027162627,
    "w2_mean": 3.274776951136096,
    "w2_std": 0.3329594442129815,
    "sinkhorn_mean": 2.9751934677096608,
    "sinkhorn_std": 4.206518330968464
  },
  "SDR $\\beta$=0.5": {
    "mode_weight_tv_mean": 0.7019538081480517,
    "mode_weight_tv_std": 0.01769395838965817,
    "energy_w2_mean": 413.3934325973193,
    "energy_w2_std": 583.5220039854889,
    "w2_mean": 1.230504762888417,
    "w2_std": 0.2899891088925082,
    "sinkhorn_mean": 0.37589721760032146,
    "sinkhorn_std": 0.527975033359364
  },
  "SDR $\\beta$=0.7": {
    "mode_weight_tv_mean": 0.6982868052094101,
    "mode_weight_tv_std": 0.031202595897368766,
    "energy_w2_mean": 22.639938354492188,
    "energy_w2_std": 29.944751552041172,
    "w2_mean": 1.1201201835404275,
    "w2_std": 0.18808060441921992,
    "sinkhorn_mean": 0.31266681353378595,
    "sinkhorn_std": 0.4388758218782048
  },
  "SDR $\\beta$=1.0": {
    "mode_weight_tv_mean": 0.6683229472565427,
    "mode_weight_tv_std": 0.06841355247608702,
    "energy_w2_mean": 77.32027435302734,
    "energy_w2_std": 103.45665389858273,
    "w2_mean": 1.5282648180397154,
    "w2_std": 0.0945594215571673,
    "sinkhorn_mean": 1.6863252336527867,
    "sinkhorn_std": 1.2288700439099158
  }
}