{
  "ASBS": {
    "mode_weight_tv_mean": 0.3251734661009651,
    "mode_weight_tv_std": 0.09283121208091265,
    "energy_w2_mean": 3.456119179725647,
    "energy_w2_std": 1.9762243383783007,
    "w2_mean": 3.247021028662131,
    "w2_std": 0.33360938867787054,
    "sinkhorn_mean": 7.949770824521167,
    "sinkhorn_std": 0.7837179947994435
  },
  "SDR $\\beta$=0.5": {
    "mode_weight_tv_mean": 0.7019538081480517,
    "mode_weight_tv_std": 0.01769395838965817,
    "energy_w2_mean": 413.367258310318,
    "energy_w2_std": 583.5275645061918,
    "w2_mean": 1.2926612861778561,
    "w2_std": 0.3102622207764005,
    "sinkhorn_mean": 0.0025281538255512714,
    "sinkhorn_std": 3.706342127504707e-05
  },
  "SDR $\\beta$=0.7": {
    "mode_weight_tv_mean": 0.6982868052094101,
    "mode_weight_tv_std": 0.031202595897368766,
    "energy_w2_mean": 22.607522169748943,
    "energy_w2_std": 29.95427922603693,
    "w2_mean": 1.1982107991224533,
    "w2_std": 0.18603587699604426,
    "sinkhorn_mean": 0.0021918127313256264,
    "sinkhorn_std": 0.00016123896861434627
  },
  "SDR $\\beta$=1.0": {
    "mode_weight_tv_mean": 0.6683229472565427,
    "mode_weight_tv_std": 0.06841355247608702,
    "energy_w2_mean": 77.28953337669373,
    "energy_w2_std": 103.46434773617257,
    "w2_mean": 1.5019804113222925,
    "w2_std": 0.09104655220435365,
    "sinkhorn_mean": 0.0016006412139783304,
    "sinkhorn_std": 0.0002707168108900858
  }
}