{
  "lj55": {
    "lj55_imq_ksd_asbs": {
      "mean_energy": {
        "mean": -209.01171875,
        "std": 0.0,
        "values": [
          -209.01171875
        ]
      },
      "std_energy": {
        "mean": 44.790283203125,
        "std": 0.0,
        "values": [
          44.790283203125
        ]
      },
      "min_energy": {
        "mean": -270.3454284667969,
        "std": 0.0,
        "values": [
          -270.3454284667969
        ]
      },
      "max_energy": {
        "mean": 102.39144897460938,
        "std": 0.0,
        "values": [
          102.39144897460938
        ]
      },
      "ksd_squared": {
        "mean": 187.98353576660156,
        "std": 0.0,
        "values": [
          187.98353576660156
        ]
      },
      "bandwidth": {
        "mean": 20.42607307434082,
        "std": 0.0,
        "values": [
          20.42607307434082
        ]
      },
      "ref_mean_energy": {
        "mean": -325.192138671875,
        "std": 0.0,
        "values": [
          -325.192138671875
        ]
      },
      "energy_w2": {
        "mean": 120.94554787033286,
        "std": 0.0,
        "values": [
          120.94554787033286
        ]
      },
      "dist_w2": {
        "mean": 0.16138539975413174,
        "std": 0.0,
        "values": [
          0.16138539975413174
        ]
      },
      "eq_w2": {
        "mean": 5.396652698516846,
        "std": 0.0,
        "values": [
          5.396652698516846
        ]
      },
      "_energy_values": [
        -134.64825439453125,
        -220.51571655273438,
        -204.15689086914062,
        -216.3305206298828,
        -235.56222534179688,
        -241.52420043945312,
        -179.9759521484375,
        -239.1494140625,
        -229.72122192382812,
        -160.65591430664062,
        -191.6758575439453,
        -253.08465576171875,
        -234.73873901367188,
        -225.1822967529297,
        -235.3467254638672,
        -204.7309112548828,
        -214.0128936767578,
        -232.17095947265625,
        -223.10305786132812,
        -221.3798828125,
        -230.86669921875,
        -162.1060028076172,
        -242.30484008789062,
        -127.97720336914062,
        -134.55618286132812,
        -7.7340240478515625,
        -238.82742309570312,
        -200.88291931152344,
        -194.57275390625,
        -214.1068115234375,
        -209.29469299316406,
        -213.65660095214844,
        -224.35888671875,
        -196.2489013671875,
        -211.58511352539062,
        -251.51333618164062,
        -194.32809448242188,
        -227.07382202148438,
        -186.11180114746094,
        -252.61488342285156,
        -237.72727966308594,
        -199.36444091796875,
        -160.84576416015625,
        -190.62615966796875,
        -202.11032104492188,
        -222.34136962890625,
        -216.08966064453125,
        -213.92282104492188,
        -217.41497802734375,
        -232.09698486328125,
        -230.99681091308594,
        -78.38755798339844,
        -194.76806640625,
        -211.24606323242188,
        -196.62713623046875,
        -191.3492431640625,
        -216.6927490234375,
        -231.84165954589844,
        -234.43167114257812,
        -230.6448974609375,
        -237.5935516357422,
        -223.07864379882812,
        -208.29701232910156,
        -253.06527709960938,
        -219.1888427734375,
        -226.06369018554688,
        -242.4124298095703,
        -226.97030639648438,
        -249.26539611816406,
        -183.850830078125,
        -203.80245971679688,
        -186.62350463867188,
        -210.50369262695312,
        -231.65084838867188,
        -213.27365112304688,
        -218.6331329345703,
        -224.09783935546875,
        -101.62872314453125,
        -183.1063232421875,
        -226.115234375,
        -229.5345001220703,
        -222.40554809570312,
        -250.90625,
        -224.47256469726562,
        -189.559814453125,
        -187.5389404296875,
        -240.1325225830078,
        -243.54498291015625,
        -239.13888549804688,
        -205.27667236328125,
        -104.484619140625,
        -216.01239013671875,
        -233.14443969726562,
        -219.12542724609375,
        -209.8885955810547,
        -223.5026092529297,
        -180.7016143798828,
        -220.13937377929688,
        -175.8104248046875,
        -226.89366149902344,
        -200.91403198242188,
        -219.55047607421875,
        -213.95884704589844,
        -217.81509399414062,
        -231.40420532226562,
        -187.7435302734375,
        -237.4561767578125,
        -205.57525634765625,
        -235.35939025878906,
        -73.45587158203125,
        -249.58663940429688,
        -197.85194396972656,
        -206.01657104492188,
        -234.86087036132812,
        -216.25711059570312,
        -214.650634765625,
        -209.90789794921875,
        -198.02870178222656,
        -197.8685760498047,
        -208.16529846191406,
        -194.07432556152344,
        -222.31915283203125,
        -239.9308319091797,
        -232.5716094970703,
        -258.0846862792969,
        -237.33181762695312,
        -177.02667236328125,
        -235.58975219726562,
        -174.2309112548828,
        -220.88555908203125,
        -218.5480194091797,
        -179.39404296875,
        -240.2246856689453,
        -208.90353393554688,
        -180.6341552734375,
        -164.22879028320312,
        -239.7860565185547,
        -214.32008361816406,
        -168.9715118408203,
        -231.32806396484375,
        -213.71682739257812,
        -224.46847534179688,
        -253.63751220703125,
        -225.5955810546875,
        -187.67324829101562,
        -204.56292724609375,
        -207.9429168701172,
        -207.79502868652344,
        -222.25973510742188,
        -239.08407592773438,
        -225.6043701171875,
        -240.86996459960938,
        -172.80772399902344,
        -221.7967529296875,
        -251.5166015625,
        -215.957275390625,
        -204.45745849609375,
        -214.34552001953125,
        -194.6407928466797,
        -246.4469451904297,
        -207.37515258789062,
        -217.65512084960938,
        -187.775146484375,
        -244.64085388183594,
        -270.3454284667969,
        -222.1815643310547,
        102.39144897460938,
        -235.9213409423828,
        -221.1136016845703,
        -231.0916290283203,
        -162.25437927246094,
        -205.59715270996094,
        -243.5747833251953,
        -256.1454772949219,
        -250.2165069580078,
        -232.3209228515625,
        -148.14271545410156,
        -242.89662170410156,
        -220.71755981445312,
        -206.85955810546875,
        -226.95022583007812,
        -185.88978576660156,
        -240.3589630126953,
        -234.74819946289062,
        -197.07955932617188,
        -236.06927490234375,
        -221.78250122070312,
        -97.84931945800781,
        -244.12725830078125,
        -228.6010284423828,
        -220.47726440429688,
        -216.9596710205078,
        -224.1908416748047,
        -254.12173461914062,
        42.34449768066406,
        -203.57992553710938,
        -253.68641662597656,
        -236.3353729248047,
        -190.07240295410156,
        -218.03652954101562
      ]
    }
  }
}