{
  "dw4_8d": {
    "full_time": 0.00400996208190918,
    "chunk128_time": 0.002096891403198242,
    "chunk256_time": 0.0010728836059570312,
    "max_diff_chunk128": 2.86102294921875e-06,
    "max_diff_chunk256": 2.86102294921875e-06
  },
  "lj13_39d": {
    "full_time": 0.001074075698852539,
    "chunk128_time": 0.0019986629486083984,
    "chunk256_time": 0.0013184547424316406,
    "max_diff_chunk128": 2.2649765014648438e-06,
    "max_diff_chunk256": 1.9073486328125e-06
  },
  "lj55_165d": {
    "full_time": 0.0034296512603759766,
    "chunk128_time": 0.003986835479736328,
    "chunk256_time": 0.0036339759826660156,
    "max_diff_chunk128": 9.5367431640625e-07,
    "max_diff_chunk256": 9.5367431640625e-07
  }
}