{
  "rotgmm50_asbs": {
    "mean_energy": {
      "mean": 3454052.4,
      "std": 80026.5054414161,
      "values": [
        3406192.5,
        3413356.25,
        3406375.5,
        3613058.0,
        3431279.75
      ]
    },
    "std_energy": {
      "mean": 2412816.95,
      "std": 3026304.3529579043,
      "values": [
        821005.3125,
        847942.1875,
        829054.75,
        8461741.0,
        1104341.5
      ]
    },
    "min_energy": {
      "mean": 1771567.775,
      "std": 90592.6904788819,
      "values": [
        1784039.25,
        1611038.0,
        1779646.5,
        1790335.375,
        1892779.75
      ]
    },
    "max_energy": {
      "mean": 88216636.6,
      "std": 146030379.43645,
      "values": [
        9104213.0,
        8728146.0,
        8849408.0,
        379586304.0,
        34815112.0
      ]
    },
    "ksd_squared": {
      "mean": 14947106.8,
      "std": 78628.44682530616,
      "values": [
        14818589.0,
        14969373.0,
        14916526.0,
        15057966.0,
        14973080.0
      ]
    },
    "bandwidth": {
      "mean": 434.769384765625,
      "std": 8.440292329991324,
      "values": [
        418.8731994628906,
        438.3597412109375,
        435.7928161621094,
        436.81060791015625,
        444.01055908203125
      ]
    },
    "ref_mean_energy": {
      "mean": 25.003961181640626,
      "std": 0.09055720846670097,
      "values": [
        24.87715721130371,
        25.021869659423828,
        24.92954444885254,
        25.12925910949707,
        25.061975479125977
      ]
    },
    "energy_w2": {
      "mean": 4665961.786583191,
      "std": 2266762.842107289,
      "values": [
        3503667.008623315,
        3517025.4428441958,
        3505738.589096749,
        9198872.317522245,
        3604505.5748294494
      ]
    },
    "nearest_mode_counts": {
      "mean": [
        3.6,
        14.4,
        0.0,
        0.0,
        0.0,
        0.8,
        155.0,
        1826.2
      ],
      "std": [
        0.4898979485566356,
        2.244994432064365,
        0.0,
        0.0,
        0.0,
        1.1661903789690602,
        11.50651989091402,
        11.461239025515521
      ],
      "per_seed": [
        [
          4,
          14,
          0,
          0,
          0,
          0,
          134,
          1848
        ],
        [
          4,
          18,
          0,
          0,
          0,
          0,
          155,
          1823
        ],
        [
          4,
          14,
          0,
          0,
          0,
          0,
          158,
          1824
        ],
        [
          3,
          15,
          0,
          0,
          0,
          1,
          159,
          1822
        ],
        [
          3,
          11,
          0,
          0,
          0,
          3,
          169,
          1814
        ]
      ]
    },
    "n_modes_nearest": {
      "mean": 4.4,
      "std": 0.48989794855663565,
      "values": [
        4,
        4,
        4,
        5,
        5
      ]
    },
    "n_modes_total": {
      "mean": 8.0,
      "std": 0.0,
      "values": [
        8,
        8,
        8,
        8,
        8
      ]
    },
    "min_dists_to_centers": {
      "mean": [
        941.1895263671875,
        941.5037963867187,
        942.3512084960937,
        942.4906372070312,
        942.5853393554687,
        941.8351806640625,
        941.4239624023437,
        940.8476440429688
      ],
      "std": [
        24.312998961768724,
        24.305121212905753,
        24.34267283443142,
        24.323898899241463,
        24.33958195669371,
        24.30105521358087,
        24.310278668717395,
        24.28201279330053
      ],
      "per_seed": [
        [
          944.8646850585938,
          945.0460205078125,
          945.88818359375,
          945.9155883789062,
          946.0944213867188,
          945.3379516601562,
          945.0711669921875,
          944.4678955078125
        ],
        [
          897.85009765625,
          898.2433471679688,
          899.0269165039062,
          899.1714477539062,
          899.1630249023438,
          898.4359741210938,
          897.9864501953125,
          897.507080078125
        ],
        [
          943.6055297851562,
          943.9657592773438,
          944.8324584960938,
          945.0396728515625,
          945.12451171875,
          944.379150390625,
          943.89794921875,
          943.3045043945312
        ],
        [
          946.3184204101562,
          946.5377197265625,
          947.3789672851562,
          947.6327514648438,
          947.8670043945312,
          947.228515625,
          946.8070678710938,
          946.1329956054688
        ],
        [
          973.3088989257812,
          973.7261352539062,
          974.6295166015625,
          974.6937255859375,
          974.677734375,
          973.7943115234375,
          973.357177734375,
          972.8257446289062
        ]
      ]
    }
  },
  "rotgmm50_ksd_asbs": {
    "mean_energy": {
      "mean": 70494.8890625,
      "std": 229.05002536802687,
      "values": [
        70274.8359375,
        70851.7890625,
        70679.6484375,
        70315.8203125,
        70352.3515625
      ]
    },
    "std_energy": {
      "mean": 10728.0630859375,
      "std": 80.08828906198521,
      "values": [
        10858.5,
        10735.8935546875,
        10661.759765625,
        10755.3662109375,
        10628.7958984375
      ]
    },
    "min_energy": {
      "mean": 33379.4109375,
      "std": 4698.6406904326395,
      "values": [
        27710.66796875,
        35032.59375,
        27879.89453125,
        38189.1015625,
        38084.796875
      ]
    },
    "max_energy": {
      "mean": 110872.596875,
      "std": 2386.846780376395,
      "values": [
        112306.09375,
        107484.984375,
        108503.8828125,
        113041.8046875,
        113026.21875
      ]
    },
    "ksd_squared": {
      "mean": 320642.8,
      "std": 1215.441054624051,
      "values": [
        319093.5,
        322398.0,
        321683.0,
        320173.09375,
        319866.40625
      ]
    },
    "bandwidth": {
      "mean": 52.702633666992185,
      "std": 0.29705900486828957,
      "values": [
        52.83357620239258,
        53.169795989990234,
        52.44906234741211,
        52.32765579223633,
        52.73307800292969
      ]
    },
    "ref_mean_energy": {
      "mean": 25.051144409179688,
      "std": 0.07169096650741309,
      "values": [
        25.113073348999023,
        25.021869659423828,
        24.92954444885254,
        25.12925910949707,
        25.061975479125977
      ]
    },
    "energy_w2": {
      "mean": 71280.67518043515,
      "std": 222.96990983914444,
      "values": [
        71082.78488231965,
        71634.67594725559,
        71453.47864262696,
        71107.62848401812,
        71124.80794595541
      ]
    },
    "nearest_mode_counts": {
      "mean": [
        0.2,
        0.0,
        0.2,
        0.2,
        1837.2,
        161.6,
        0.0,
        0.6
      ],
      "std": [
        0.4000000000000001,
        0.0,
        0.4,
        0.4,
        12.106196760337243,
        12.403225386970922,
        0.0,
        0.48989794855663565
      ],
      "per_seed": [
        [
          1,
          0,
          0,
          0,
          1861,
          137,
          0,
          1
        ],
        [
          0,
          0,
          0,
          0,
          1835,
          165,
          0,
          0
        ],
        [
          0,
          0,
          0,
          0,
          1831,
          168,
          0,
          1
        ],
        [
          0,
          0,
          0,
          1,
          1831,
          168,
          0,
          0
        ],
        [
          0,
          0,
          1,
          0,
          1828,
          170,
          0,
          1
        ]
      ]
    },
    "n_modes_nearest": {
      "mean": 3.2,